{"cameraMode":{"drawMode":0,"name":"Shaded","section":"Shading Mode"},"sceneLighting":false,"audioPlay":false,"sceneViewState":{"m_AlwaysRefresh":true,"showFog":true,"showSkybox":true,"showFlares":true,"showImageEffects":true,"showParticleSystems":true,"showVisualEffectGraphs":true,"m_FxEnabled":true},"in2DMode":false,"pivot":{"x":5.328619003295898,"y":0.678953230381012,"z":17.087326049804689},"rotation":{"x":0.013768496923148632,"y":-0.6848019361495972,"z":0.012943114154040814,"w":0.7284841537475586},"size":1.985856533050537,"orthographic":true}