{"cameraMode":{"drawMode":0,"name":"Shaded","section":"Shading Mode"},"sceneLighting":false,"audioPlay":false,"sceneViewState":{"m_AlwaysRefresh":true,"showFog":true,"showSkybox":true,"showFlares":true,"showImageEffects":true,"showParticleSystems":true,"showVisualEffectGraphs":true,"m_FxEnabled":true},"in2DMode":false,"pivot":{"x":-1.5029560327529908,"y":1.4304773807525635,"z":13.874197959899903},"rotation":{"x":0.05381185933947563,"y":-0.549301028251648,"z":0.03547915443778038,"w":0.8331352472305298},"size":1.8338593244552613,"orthographic":false}