{"cameraMode":{"drawMode":0,"name":"Shaded","section":"Shading Mode"},"sceneLighting":false,"audioPlay":false,"sceneViewState":{"m_AlwaysRefresh":true,"showFog":true,"showSkybox":true,"showFlares":true,"showImageEffects":true,"showParticleSystems":true,"showVisualEffectGraphs":true,"m_FxEnabled":true},"in2DMode":false,"pivot":{"x":-8.10309886932373,"y":0.42682361602783205,"z":8.586568832397461},"rotation":{"x":0.0013148646103218198,"y":0.9924994707107544,"z":-0.12179199606180191,"w":0.01071668416261673},"size":0.8416392207145691,"orthographic":false}