{"cameraMode":{"drawMode":0,"name":"Shaded","section":"Shading Mode"},"sceneLighting":false,"audioPlay":false,"sceneViewState":{"m_AlwaysRefresh":true,"showFog":true,"showSkybox":true,"showFlares":true,"showImageEffects":true,"showParticleSystems":true,"showVisualEffectGraphs":true,"m_FxEnabled":true},"in2DMode":false,"pivot":{"x":-7.789529800415039,"y":0.20894834399223329,"z":8.68982982635498},"rotation":{"x":-0.013700038194656372,"y":0.9860289096832275,"z":-0.12851156294345857,"w":-0.10511448234319687},"size":1.1911288499832154,"orthographic":false}