{"cameraMode":{"drawMode":0,"name":"Shaded","section":"Shading Mode"},"sceneLighting":false,"audioPlay":false,"sceneViewState":{"m_AlwaysRefresh":true,"showFog":true,"showSkybox":true,"showFlares":true,"showImageEffects":true,"showParticleSystems":true,"showVisualEffectGraphs":true,"m_FxEnabled":true},"in2DMode":false,"pivot":{"x":-3.049940824508667,"y":1.4085127115249634,"z":8.136054039001465},"rotation":{"x":0.026232626289129258,"y":0.9702174067497253,"z":-0.12289875000715256,"w":0.20709466934204102},"size":0.07797524333000183,"orthographic":false}