{"cameraMode":{"drawMode":0,"name":"Shaded","section":"Shading Mode"},"sceneLighting":false,"audioPlay":false,"sceneViewState":{"m_AlwaysRefresh":true,"showFog":true,"showSkybox":true,"showFlares":true,"showImageEffects":true,"showParticleSystems":true,"showVisualEffectGraphs":true,"m_FxEnabled":true},"in2DMode":false,"pivot":{"x":-8.922917366027832,"y":0.9552990198135376,"z":8.111136436462403},"rotation":{"x":0.005838517099618912,"y":-0.9924256801605225,"z":0.05215092748403549,"w":0.11121001094579697},"size":0.7310366630554199,"orthographic":true}