{"cameraMode":{"drawMode":0,"name":"Shaded","section":"Shading Mode"},"sceneLighting":false,"audioPlay":false,"sceneViewState":{"m_AlwaysRefresh":true,"showFog":true,"showSkybox":true,"showFlares":true,"showImageEffects":true,"showParticleSystems":true,"showVisualEffectGraphs":true,"m_FxEnabled":true},"in2DMode":false,"pivot":{"x":-8.865900993347168,"y":0.9371695518493652,"z":8.284638404846192},"rotation":{"x":-0.0009699366637505591,"y":0.99803626537323,"z":-0.06145579367876053,"w":-0.014656849205493927},"size":1.7437444925308228,"orthographic":true}