{"cameraMode":{"drawMode":0,"name":"Shaded","section":"Shading Mode"},"sceneLighting":false,"audioPlay":false,"sceneViewState":{"m_AlwaysRefresh":true,"showFog":true,"showSkybox":true,"showFlares":true,"showImageEffects":true,"showParticleSystems":true,"showVisualEffectGraphs":true,"m_FxEnabled":true},"in2DMode":false,"pivot":{"x":-8.83016300201416,"y":0.9071105122566223,"z":8.181178092956543},"rotation":{"x":0.00354341440834105,"y":-0.9412368535995483,"z":-0.009884084574878216,"w":-0.3376254141330719},"size":0.12097913026809693,"orthographic":true}