{"cameraMode":{"drawMode":0,"name":"Shaded","section":"Shading Mode"},"sceneLighting":false,"audioPlay":false,"sceneViewState":{"m_AlwaysRefresh":true,"showFog":true,"showSkybox":true,"showFlares":true,"showImageEffects":true,"showParticleSystems":true,"showVisualEffectGraphs":true,"m_FxEnabled":true},"in2DMode":false,"pivot":{"x":-9.463668823242188,"y":0.46006062626838686,"z":7.81974458694458},"rotation":{"x":-0.00015744284610264003,"y":0.9914202094078064,"z":-0.1307269185781479,"w":-0.0011924250284209848},"size":1.4632148742675782,"orthographic":false}