{"cameraMode":{"drawMode":0,"name":"Shaded","section":"Shading Mode"},"sceneLighting":false,"audioPlay":false,"sceneViewState":{"m_AlwaysRefresh":true,"showFog":true,"showSkybox":true,"showFlares":true,"showImageEffects":true,"showParticleSystems":true,"showVisualEffectGraphs":true,"m_FxEnabled":true},"in2DMode":false,"pivot":{"x":-8.865900993347168,"y":0.9371695518493652,"z":8.284638404846192},"rotation":{"x":0.06650809943675995,"y":-0.869744062423706,"z":0.12211478501558304,"w":0.47355544567108157},"size":0.3561897873878479,"orthographic":true}