{"cameraMode":{"drawMode":0,"name":"Shaded","section":"Shading Mode"},"sceneLighting":false,"audioPlay":false,"sceneViewState":{"m_AlwaysRefresh":true,"showFog":true,"showSkybox":true,"showFlares":true,"showImageEffects":true,"showParticleSystems":true,"showVisualEffectGraphs":true,"m_FxEnabled":true},"in2DMode":false,"pivot":{"x":-8.865900993347168,"y":0.9371695518493652,"z":8.284638404846192},"rotation":{"x":-0.011578366160392762,"y":0.639266312122345,"z":-0.00953655131161213,"w":-0.7688841223716736},"size":0.25684306025505068,"orthographic":true}