{"cameraMode":{"drawMode":0,"name":"Shaded","section":"Shading Mode"},"sceneLighting":false,"audioPlay":false,"sceneViewState":{"m_AlwaysRefresh":true,"showFog":true,"showSkybox":true,"showFlares":true,"showImageEffects":true,"showParticleSystems":true,"showVisualEffectGraphs":true,"m_FxEnabled":true},"in2DMode":false,"pivot":{"x":0.6141022443771362,"y":0.5298342704772949,"z":0.2786768078804016},"rotation":{"x":-0.010545817203819752,"y":0.9895309805870056,"z":-0.10577817261219025,"w":-0.09796609729528427},"size":0.19536690413951875,"orthographic":true}