{"cameraMode":{"drawMode":0,"name":"Shaded","section":"Shading Mode"},"sceneLighting":false,"audioPlay":false,"sceneViewState":{"m_AlwaysRefresh":true,"showFog":true,"showSkybox":true,"showFlares":true,"showImageEffects":true,"showParticleSystems":true,"showVisualEffectGraphs":true,"m_FxEnabled":true},"in2DMode":false,"pivot":{"x":-9.192237854003907,"y":0.7399871349334717,"z":8.099151611328125},"rotation":{"x":0.004372159019112587,"y":0.9953543543815613,"z":-0.05529893562197685,"w":0.0786949023604393},"size":0.5270139575004578,"orthographic":true}