{"cameraMode":{"drawMode":0,"name":"Shaded","section":"Shading Mode"},"sceneLighting":false,"audioPlay":false,"sceneViewState":{"m_AlwaysRefresh":true,"showFog":true,"showSkybox":true,"showFlares":true,"showImageEffects":true,"showParticleSystems":true,"showVisualEffectGraphs":true,"m_FxEnabled":true},"in2DMode":false,"pivot":{"x":0.6141022443771362,"y":0.5298342704772949,"z":0.2786768078804016},"rotation":{"x":-0.000790231570135802,"y":0.9991908669471741,"z":0.035984769463539126,"w":0.019795063883066179},"size":2.5542678833007814,"orthographic":true}