{"cameraMode":{"drawMode":0,"name":"Shaded","section":"Shading Mode"},"sceneLighting":false,"audioPlay":false,"sceneViewState":{"m_AlwaysRefresh":true,"showFog":true,"showSkybox":true,"showFlares":true,"showImageEffects":true,"showParticleSystems":true,"showVisualEffectGraphs":true,"m_FxEnabled":true},"in2DMode":false,"pivot":{"x":0.6141022443771362,"y":0.5298342704772949,"z":0.2786768078804016},"rotation":{"x":-0.06251559406518936,"y":0.9368407726287842,"z":-0.22329236567020417,"w":-0.2619754672050476},"size":1.5912809371948243,"orthographic":true}