{"cameraMode":{"drawMode":0,"name":"Shaded","section":"Shading Mode"},"sceneLighting":false,"audioPlay":false,"sceneViewState":{"m_AlwaysRefresh":true,"showFog":true,"showSkybox":true,"showFlares":true,"showImageEffects":true,"showParticleSystems":true,"showVisualEffectGraphs":true,"m_FxEnabled":true},"in2DMode":false,"pivot":{"x":-8.883675575256348,"y":0.9832725524902344,"z":8.119499206542969},"rotation":{"x":-0.0047583188861608509,"y":-0.7697035670280457,"z":0.005797861609607935,"w":-0.6383845806121826},"size":0.4145517647266388,"orthographic":true}