{"cameraMode":{"drawMode":0,"name":"Shaded","section":"Shading Mode"},"sceneLighting":false,"audioPlay":false,"sceneViewState":{"m_AlwaysRefresh":true,"showFog":true,"showSkybox":true,"showFlares":true,"showImageEffects":true,"showParticleSystems":true,"showVisualEffectGraphs":true,"m_FxEnabled":true},"in2DMode":false,"pivot":{"x":4.420170307159424,"y":0.9912744760513306,"z":10.668529510498047},"rotation":{"x":0.0610119104385376,"y":-0.8002238273620606,"z":0.5908410549163818,"w":0.08263340592384339},"size":0.48834216594696047,"orthographic":false}