{"cameraMode":{"drawMode":0,"name":"Shaded","section":"Shading Mode"},"sceneLighting":true,"audioPlay":false,"sceneViewState":{"m_AlwaysRefresh":true,"showFog":true,"showSkybox":true,"showFlares":true,"showImageEffects":true,"showParticleSystems":true,"showVisualEffectGraphs":true,"m_FxEnabled":true},"in2DMode":false,"pivot":{"x":-2.304042339324951,"y":-2.190401315689087,"z":-6.730477333068848},"rotation":{"x":0.0017643579049035907,"y":0.989577054977417,"z":-0.14349208772182465,"w":0.012169166468083859},"size":7.160330295562744,"orthographic":false}