{"cameraMode":{"drawMode":0,"name":"Shaded","section":"Shading Mode"},"sceneLighting":true,"audioPlay":false,"sceneViewState":{"m_AlwaysRefresh":true,"showFog":true,"showSkybox":true,"showFlares":true,"showImageEffects":true,"showParticleSystems":true,"showVisualEffectGraphs":true,"m_FxEnabled":true},"in2DMode":false,"pivot":{"x":-1.799452304840088,"y":-12.895370483398438,"z":47.185585021972659},"rotation":{"x":0.21204280853271485,"y":-0.08548241853713989,"z":0.018623240292072297,"w":0.973341166973114},"size":19.01265525817871,"orthographic":false}