{"cameraMode":{"drawMode":0,"name":"Shaded","section":"Shading Mode"},"sceneLighting":true,"audioPlay":false,"sceneViewState":{"m_AlwaysRefresh":true,"showFog":true,"showSkybox":true,"showFlares":true,"showImageEffects":true,"showParticleSystems":true,"showVisualEffectGraphs":true,"m_FxEnabled":true},"in2DMode":false,"pivot":{"x":-2.2316782474517824,"y":1.2037792205810547,"z":2.0249977111816408},"rotation":{"x":0.019756607711315156,"y":0.9797589778900147,"z":-0.15560060739517213,"w":0.12440260499715805},"size":1.4220136404037476,"orthographic":false}