{"cameraMode":{"drawMode":0,"name":"Shaded","section":"Shading Mode"},"sceneLighting":true,"audioPlay":false,"sceneViewState":{"m_AlwaysRefresh":true,"showFog":true,"showSkybox":true,"showFlares":true,"showImageEffects":true,"showParticleSystems":true,"showVisualEffectGraphs":true,"m_FxEnabled":true},"in2DMode":false,"pivot":{"x":0.06723657250404358,"y":0.8140313029289246,"z":13.665122985839844},"rotation":{"x":0.20404671132564546,"y":0.009692944586277008,"z":-0.0020194516982883217,"w":0.9789147973060608},"size":3.4528095722198488,"orthographic":false}