{"cameraMode":{"drawMode":0,"name":"Shaded","section":"Shading Mode"},"sceneLighting":true,"audioPlay":false,"sceneViewState":{"m_AlwaysRefresh":true,"showFog":true,"showSkybox":true,"showFlares":true,"showImageEffects":true,"showParticleSystems":true,"showVisualEffectGraphs":true,"m_FxEnabled":true},"in2DMode":false,"pivot":{"x":-2.3885045051574709,"y":1.2735172510147095,"z":7.537787437438965},"rotation":{"x":0.001560078002512455,"y":0.9918122887611389,"z":-0.1271457076072693,"w":0.012196027673780918},"size":1.3910433053970338,"orthographic":false}