{"cameraMode":{"drawMode":0,"name":"Shaded","section":"Shading Mode"},"sceneLighting":true,"audioPlay":false,"sceneViewState":{"m_AlwaysRefresh":false,"showFog":true,"showSkybox":true,"showFlares":true,"showImageEffects":true,"showParticleSystems":true,"showVisualEffectGraphs":true,"m_FxEnabled":true},"in2DMode":false,"pivot":{"x":6.2779998779296879,"y":1.5820226669311524,"z":16.809310913085939},"rotation":{"x":0.013546394184231758,"y":0.9775559306144714,"z":-0.19949442148208619,"w":0.0663815513253212},"size":5.027059078216553,"orthographic":false}