{"cameraMode":{"drawMode":0,"name":"Shaded","section":"Shading Mode"},"sceneLighting":true,"audioPlay":false,"sceneViewState":{"m_AlwaysRefresh":true,"showFog":true,"showSkybox":true,"showFlares":true,"showImageEffects":true,"showParticleSystems":true,"showVisualEffectGraphs":true,"m_FxEnabled":true},"in2DMode":false,"pivot":{"x":-2.2556862831115724,"y":1.0150080919265748,"z":7.60221529006958},"rotation":{"x":0.0060571106150746349,"y":0.9938753247261047,"z":-0.08368256688117981,"w":0.07197859138250351},"size":1.252055048942566,"orthographic":false}