{"cameraMode":{"drawMode":0,"name":"Shaded","section":"Shading Mode"},"sceneLighting":true,"audioPlay":false,"sceneViewState":{"m_AlwaysRefresh":true,"showFog":true,"showSkybox":true,"showFlares":true,"showImageEffects":true,"showParticleSystems":true,"showVisualEffectGraphs":true,"m_FxEnabled":true},"in2DMode":false,"pivot":{"x":1.6405091285705567,"y":-0.06626367568969727,"z":12.178871154785157},"rotation":{"x":0.2602483630180359,"y":0.594206690788269,"z":-0.21153119206428529,"w":0.7310580015182495},"size":3.8439319133758547,"orthographic":false}