{"cameraMode":{"drawMode":0,"name":"Shaded","section":"Shading Mode"},"sceneLighting":true,"audioPlay":false,"sceneViewState":{"m_AlwaysRefresh":true,"showFog":true,"showSkybox":true,"showFlares":true,"showImageEffects":true,"showParticleSystems":true,"showVisualEffectGraphs":true,"m_FxEnabled":true},"in2DMode":false,"pivot":{"x":-123.77827453613281,"y":-123.64424133300781,"z":59.04866409301758},"rotation":{"x":0.2989143133163452,"y":-0.5746187567710877,"z":0.23719938099384309,"w":0.7240873575210571},"size":113.41153717041016,"orthographic":false}