{"cameraMode":{"drawMode":0,"name":"Shaded","section":"Shading Mode"},"sceneLighting":true,"audioPlay":false,"sceneViewState":{"m_AlwaysRefresh":true,"showFog":true,"showSkybox":true,"showFlares":true,"showImageEffects":true,"showParticleSystems":true,"showVisualEffectGraphs":true,"m_FxEnabled":true},"in2DMode":false,"pivot":{"x":2.3902459144592287,"y":0.18313385546207429,"z":10.09259033203125},"rotation":{"x":0.26292696595191958,"y":0.6500414609909058,"z":-0.25700071454048159,"w":0.6650323867797852},"size":5.309005260467529,"orthographic":false}