{"cameraMode":{"drawMode":0,"name":"Shaded","section":"Shading Mode"},"sceneLighting":true,"audioPlay":false,"sceneViewState":{"m_AlwaysRefresh":true,"showFog":true,"showSkybox":true,"showFlares":true,"showImageEffects":true,"showParticleSystems":true,"showVisualEffectGraphs":true,"m_FxEnabled":true},"in2DMode":false,"pivot":{"x":2.803673028945923,"y":0.9290441274642944,"z":16.123123168945314},"rotation":{"x":0.22567620873451234,"y":0.38934049010276797,"z":-0.09899880737066269,"w":0.8875229358673096},"size":0.8660253882408142,"orthographic":false}