{"cameraMode":{"drawMode":0,"name":"Shaded","section":"Shading Mode"},"sceneLighting":true,"audioPlay":false,"sceneViewState":{"m_AlwaysRefresh":true,"showFog":true,"showSkybox":true,"showFlares":true,"showImageEffects":true,"showParticleSystems":true,"showVisualEffectGraphs":true,"m_FxEnabled":true},"in2DMode":false,"pivot":{"x":2.7823166847229006,"y":-0.3357982635498047,"z":9.771636962890625},"rotation":{"x":0.20627811551094056,"y":0.6722955703735352,"z":-0.20355787873268128,"w":0.6813255548477173},"size":8.334378242492676,"orthographic":false}