{"cameraMode":{"drawMode":0,"name":"Shaded","section":"Shading Mode"},"sceneLighting":false,"audioPlay":false,"sceneViewState":{"m_AlwaysRefresh":false,"showFog":true,"showSkybox":true,"showFlares":true,"showImageEffects":true,"showParticleSystems":true,"showVisualEffectGraphs":true,"m_FxEnabled":true},"in2DMode":false,"pivot":{"x":-7.007156848907471,"y":0.5066573619842529,"z":7.7623186111450199},"rotation":{"x":0.28435051441192629,"y":-0.3643670976161957,"z":0.11788202822208405,"w":0.8789113759994507},"size":0.9710623025894165,"orthographic":false}